elevation,slope,aspect,plan_curv,prof_curv,twi,tri,spi,sti,flow_acc,dist_river
0.49964845,0.12331624,-0.029265359,0.31531122,-0.09876016,-0.006877309,0.6064169,0.2167333,0.09392401,-0.012039556,-0.45330784
-0.07757825,-0.8725854,-0.16730846,-0.31382874,-0.25459132,-0.3324,-3.9303348,-0.50083196,-0.0720155,0.004076067,0.13896468
-1.3280687,-0.28176513,-0.32871503,-0.16154343,-0.1370611,0.09471703,-1.2381601,-0.43121362,-0.0047870856,-0.031227408,0.05294997
0.35863176,-0.32810834,-0.009272451,0.0024146046,0.26579073,-0.13697353,-0.28495666,-0.3160298,-0.027487261,-0.012115392,-0.071155004
-0.24263309,0.042424433,-0.32325035,0.7410286,0.37087294,0.2557735,0.69089955,-0.0063496223,0.036415905,0.005199937,0.11631955
-0.21933709,0.13594176,0.21916209,-0.046278663,-0.091637544,-0.10920335,-0.33590108,0.1419984,-0.045191355,-0.066689245,-0.14282504
0.2812573,-1.0361059,0.13658278,-0.26169917,-0.3072213,-0.42583126,-4.2153444,-0.5227463,-0.116648056,-0.05613838,-0.10929531
0.36058477,1.05444,0.0063401256,-0.100754395,0.13164084,0.52422255,1.1254458,0.39205304,-0.0038359277,0.01004972,0.079905756
0.53723896,0.33884585,0.26953334,-0.010834532,-0.20302483,0.40952328,0.64717513,0.07401624,0.011841999,0.0031923074,-0.09256094
-1.2051182,-0.4603418,-0.24286883,-0.045337014,0.2317481,-0.12508032,-1.0676087,-0.44961718,-0.035248112,-0.026884368,0.18963322
-0.76404405,-1.0198985,-0.117723726,-0.30658406,-0.1359011,-0.286777,-2.9736753,-0.3161367,-0.0003954993,-0.042007092,0.5020412
-0.16851592,0.23479204,-0.18505329,0.12223715,0.2781635,0.38982287,0.43165237,0.06696753,0.013108883,0.0010099759,-0.006509866
0.099288546,-0.8421637,0.22621846,-0.29556143,-0.2516365,-0.41093117,-4.0872674,-0.50573075,0.005775911,-0.032227304,-0.024428876
0.10916842,0.4181246,0.13384154,-0.0954358,-0.10603792,0.5026625,0.5752448,-0.050328318,0.0497119,0.004019747,0.034660157
0.37456343,0.19430374,0.12620333,0.32642442,-0.11298876,-0.13453479,0.5905287,0.24032022,0.17143494,0.045303334,0.067962
-0.3340547,-1.1646228,-0.054021206,-0.18360151,-0.30859485,-0.38454926,-3.830013,-0.4683168,-0.03985101,-0.027187847,0.16421242
0.6097539,0.47443682,0.058306266,0.15707113,-0.07612059,0.33100855,0.64954275,0.14829123,0.00607622,0.014511035,0.08749268
0.2692439,0.06365898,-0.23837829,0.15026575,0.41546598,0.268992,0.63800585,-0.18848465,0.038459513,0.0031174975,-0.1628172
0.302003,0.29148412,-0.15006733,0.13718203,0.06811062,0.35637483,0.636141,0.537689,0.16548064,0.22775903,-0.07533624
-0.024414295,-0.9573224,-0.16830036,-0.09565828,-0.15334119,-0.35864404,-3.5871308,-0.3263857,0.025936624,-0.041935433,0.04290295
0.47140005,0.37312278,-0.26218724,-0.00551338,-0.0029934812,0.118502885,0.6389906,0.32013166,0.09107622,0.051532168,0.2142489
-0.32726866,0.10853923,0.1872737,0.65570664,0.19384374,0.12298959,0.64738715,0.027920846,0.012944582,0.003461082,-0.10707759
0.40076643,-0.55087614,-0.14444721,0.15159439,-0.18378317,-0.14590684,-1.0014735,-0.36617962,-0.02535024,-0.017020976,0.10711846
0.030797845,0.37968826,-0.10840083,0.0108308,-0.14404063,0.18815021,0.57297015,0.17459068,0.043474227,0.034020092,0.2876539
0.5444784,0.51290804,0.0338057,0.22039582,-0.11169389,0.4617374,0.80372244,0.058425363,0.02345892,0.015147827,0.04433246
-0.060310498,0.42636126,0.0743101,0.21492532,-0.12335835,0.4418814,0.75543195,-0.03464358,0.024787366,0.003991237,0.11147923
-0.913543,-0.9706774,0.15485276,-0.25656214,-0.24921924,-0.31206217,-3.4290445,-0.2943538,-0.018356651,-0.014566715,-0.1902593
0.31796545,-0.86430043,0.073605016,-0.29015562,-0.23481187,-0.36937568,-4.02458,-0.6370552,-0.031819884,-0.026377533,0.042073883
0.24071535,-1.1201869,0.037572186,-0.14296101,-0.26969928,-0.5580949,-4.000696,-0.52959335,-0.027724942,-0.024367163,-0.099137865
0.6375845,0.078939624,0.0782401,0.4001443,0.010010294,0.14509724,0.6795562,-0.0784903,0.036696732,0.007158378,0.002880428
-0.54664373,-0.9853125,-0.026794968,-0.1524804,-0.23616792,-0.41119984,-3.877713,-0.4118593,-0.09382574,-0.055695467,-0.1290818
0.18003875,-1.0633157,-0.034820702,-0.10670866,-0.20859747,-0.53727394,-3.8354442,-0.60087097,-0.042156175,-0.022500265,-0.12775397
0.0148935,-1.0427488,-0.058448005,-0.31233191,-0.26554817,-0.36622694,-3.9964764,-0.6039448,-0.062285684,-0.022119673,0.07295664
-1.3568655,-0.66104996,0.26204363,0.3252991,-0.16780587,-0.09391696,-0.8510776,-0.2732408,-0.022387369,-0.02459119,0.047775894
0.1686689,0.23890442,0.15449598,0.3094817,-0.17129567,-0.07355951,0.26278898,-0.047977164,-0.016289977,0.029420909,-0.0011142812
0.86219573,0.21448123,0.018758759,0.25552973,0.037712496,-0.14880651,0.60257566,0.13834287,0.07040541,0.077505864,0.03838329
0.2758569,0.7470771,0.011097042,-0.04242117,-0.09113044,0.28074995,0.8452141,0.33491853,0.0539313,0.05927294,0.074172795
1.1182581,0.21532261,0.42260066,0.046761796,-0.11026157,-0.11298859,0.32313758,-0.017218072,0.019165657,0.03694015,-0.0039231274
-0.13043481,-1.1074566,-0.008533664,-0.14882548,-0.18543203,-0.5506689,-4.0373096,0.14595917,-0.01971816,-0.02264242,0.03377562
-0.06033105,0.4641179,0.24164006,0.18533397,-0.007332049,0.4017806,0.7376224,-0.023882834,0.06369094,0.01152084,0.088499576
-0.8042904,-0.97578937,0.16385831,-0.37989515,-0.21760303,-0.27979338,-3.628234,-0.36171338,-0.03006743,-0.020114666,-0.19439366
-0.16232437,0.5115934,0.34427524,0.07805604,0.6236846,0.26605052,0.6608701,0.2916999,0.0325022,0.033238757,0.10368991
0.279256,-1.0645325,-0.09933999,-0.32345548,-0.25711477,-0.5363942,-3.8703134,-0.5845028,-0.026412118,-0.021930575,-0.1383642
0.37174526,0.2817085,-0.4866299,-0.1952827,-0.15028107,0.37313396,0.76440835,-0.04619963,0.09361649,0.008396903,-0.025280196
-1.5766358,0.110903546,-0.14005108,0.38574836,-0.017017279,0.12063978,-0.27995068,-0.29047385,-0.089710064,-0.03535423,-0.052643325
-0.0008320622,-0.9726892,0.0124470405,-0.22927381,-0.35902175,-0.48848003,-3.9762335,-0.402856,-0.014153664,-0.08319249,0.047320925
0.44665757,0.2631844,0.40603682,0.22743349,0.34711957,0.33083034,0.59155524,0.24838236,0.03899253,0.022796493,0.04990412
-0.12710162,0.4509445,0.3196273,0.029170867,0.018875971,-0.12422643,0.7766676,0.31823385,0.06540299,0.042305842,0.083728015
0.26030314,0.44275463,0.24833599,0.24858938,-0.1909775,0.39712933,0.80747557,0.023404555,0.026748605,0.014593029,0.036346797
-0.390181,-0.876892,-0.19903293,-0.35386488,-0.15765265,-0.23079053,-3.7974007,-0.56413627,-0.064010285,-0.017989215,0.10525657
-0.046018526,-0.14826523,0.3282712,0.2542977,-0.1620959,0.34288448,-0.026213448,-0.014042,0.047377672,0.025274104,0.064860046
-0.27713844,0.51911044,0.2155453,0.20284541,0.6912564,0.04603885,1.0152054,-0.0058978335,0.01634709,0.015735175,0.027963253
-1.3380361,-0.2922695,-0.48663738,-0.14578466,0.002190828,-0.20225018,-1.1227293,-0.36341223,-0.095287785,-0.028697398,-0.18499212
0.7413486,0.21035768,0.05283041,0.48273045,0.2947636,0.24213643,0.26484045,0.035412796,-0.035518732,-0.0021984028,-0.07187379
0.23224775,-0.07883,-0.10874583,0.4714676,-0.07143127,0.056561034,-0.1428616,0.55379826,0.13352819,0.1560486,0.098108575
-1.0381266,-1.0600178,-0.15263447,-0.2691686,-0.1715546,-0.26252508,-3.439507,-0.47674313,-0.001330455,-0.028528003,-0.027307099
-0.069266535,-0.22120719,-0.34375003,0.43196577,-0.15616576,0.13741033,-0.11739074,-0.18431443,-0.047668695,0.008039112,-0.17244339
0.82944345,0.22188097,-0.1224978,-0.0715162,-0.25190178,-0.012786446,0.5348845,0.24496001,0.015384034,0.0636404,0.014986677
0.5936838,0.34544432,-0.41576,-0.02158686,-0.1530049,0.049762663,0.48219958,0.24582991,0.04601435,0.03647113,-0.011976881
0.037455916,-0.8886301,0.00055260427,-0.2952189,-0.22805035,-0.3512994,-4.040831,-0.6957748,-0.028344993,-0.031965047,-0.0126438625
0.63367975,0.13872294,-0.049927037,0.2872327,0.55816096,0.23569278,0.60448444,-0.06423316,0.05404824,0.0073853047,0.062585905
0.72000724,0.060611427,0.41482615,-0.094497934,0.3490102,-0.07700337,-0.024148483,0.010843877,-0.097035296,0.038065143,-0.032141265
-0.01456931,-0.35060626,-0.011278611,-0.078462504,0.667503,-0.17548205,-0.22095783,-0.31477138,-0.012386419,-0.016790925,0.11094469
0.2129943,-0.8430553,-0.06968512,-0.34961778,-0.1795578,-0.3268314,-3.995612,-0.6915549,-0.036321722,-0.03213717,-0.15223844
-0.41650802,0.44464934,-0.2684688,-0.07648577,-0.09012241,0.35919207,0.66161275,-0.016513621,0.0043973443,-0.0026420653,0.046525937
0.32196426,0.7281459,0.0009608839,0.06501659,0.478614,0.3473741,0.8389054,0.27327713,0.024273753,0.035724442,0.031335622
-0.43538126,-1.0173098,0.054364234,-0.22286715,-0.27795544,-0.4116523,-3.945654,-0.43987617,-0.022942718,-0.008905215,-0.12885281
-0.0008238724,0.27573526,-0.12573001,0.20077378,0.037635457,-0.05887642,0.4629095,0.47951317,0.12874067,0.15350252,-0.1252239
-0.37681344,-0.8966248,-0.23863442,-0.25577542,-0.30243415,-0.38415924,-3.9546335,-0.5555579,-0.005079205,-0.04676115,0.46696973
-0.82750106,-0.21814276,0.028826403,-0.15747616,-0.24145699,0.24557625,-1.2586379,-0.54696333,-0.035745658,-0.014356423,0.12515727
0.47166955,0.54616255,0.0907606,0.42241788,0.1349233,0.3273558,0.72271943,0.32494342,0.09866533,0.0650985,-0.13359502
0.19764784,0.49354732,-0.107223965,-0.06462415,0.12544388,-0.08019271,0.7562927,0.6050677,0.12542854,0.08579442,0.13875178
0.31659362,0.7705159,-0.5298226,-0.04336948,0.053895827,0.17125827,0.881331,0.41013676,0.008320707,0.034484018,0.048885275
0.6654195,0.102353446,0.16272105,0.307978,0.9424903,0.25009313,0.5057683,-0.033051245,0.046247385,0.008820886,-0.034014147
0.17834082,-0.93392336,-0.31946024,0.08162218,-0.10549783,-0.32881677,-3.5004063,-0.38781083,0.041751403,-0.04208556,0.054633923
-0.5916203,-1.0307896,0.118464775,-0.11066957,-0.12788287,-0.30435592,-3.1480196,-0.26584285,-0.07669565,-0.08085458,-0.11568567
0.04482589,0.13731962,-0.09203877,0.3060984,-0.21826725,-0.121750966,0.2930018,0.07785503,0.045030426,0.023310995,-0.062471516
0.05304115,0.27919066,0.10646387,-0.07377787,-0.25812733,0.31233773,0.613449,-0.047252063,0.008576845,-0.0034803771,-0.14024347
-1.3197201,-0.13490328,-0.16569091,-0.05898599,-0.13033067,0.17037682,-1.2780855,-0.2418482,-0.006554198,-0.009180996,-0.09928238
0.22894101,-1.1949712,0.09463194,-0.21644707,-0.21326374,-0.50113136,-4.0554795,0.1443794,0.06083293,0.039609853,-0.023955416
0.8157948,0.24190949,-0.0076441783,0.4400558,0.85690325,0.2652333,0.7478681,-0.055031832,0.0036399518,-0.010643239,0.26944438
0.10340983,-0.15231088,-0.3647003,-0.07324887,-0.1550458,-0.33400345,-1.7714344,0.16410759,-0.03049852,-0.037153415,0.027197277
0.22795953,0.1250202,0.15557905,0.32560405,-0.1281881,-0.07268288,0.66263264,0.39195633,0.050628796,-0.107672304,0.045538913
-0.8611245,-0.8507894,0.041470923,-0.2683313,-0.24448688,-0.15797521,-3.4814878,-0.5861629,-0.030429935,-0.02142404,-0.172594
0.5915309,0.58312345,0.047542848,0.006051899,-0.11940446,0.3281349,0.7208231,0.031595625,-0.0007839331,0.018786257,-0.4868962
0.21679069,-1.1652932,-0.042895153,-0.2677965,-0.23288976,-0.22270979,-3.7818882,-0.5844041,0.040607028,0.012299232,-0.02322124
-1.2820561,0.020932578,0.30244258,0.28312287,-0.09419843,-0.16260931,0.029561905,0.05016386,-0.0835009,-0.0040688314,-0.06291595
0.7028638,0.27921876,0.24260032,-0.08960838,0.94131666,0.3861083,0.5430398,0.5925173,0.048761997,0.20843017,0.0049918275
-0.1889488,-1.144698,-0.20665602,-0.14374116,-0.27755734,-0.34707317,-4.114268,-0.3327507,-0.07539808,-0.12113542,-0.06575968
-0.97020876,-1.1584287,-0.2209432,-0.13393188,-0.16770881,-0.35205987,-3.1061277,0.42071065,-0.02848433,-0.0053456794,0.42653334
0.09271367,0.6254747,-0.5219424,0.21164836,-0.09805131,0.2463199,0.72991765,0.26111302,-0.03554535,0.028500516,-0.023859022
-0.9343631,-0.74809134,0.06912356,-0.258933,-0.1161433,-0.24566448,-2.5896778,-0.61452127,-0.08047991,-0.029602602,-0.029322688
0.2755435,0.9430399,0.005732119,0.051984426,-0.039556727,0.63203835,1.0166963,0.038304515,0.009887256,0.01943332,0.3920691
-1.0181205,0.15841459,-0.19654636,0.26946425,-0.09885414,0.24916333,0.57857347,-0.17006874,-0.0315721,-0.02081601,-0.50754213
0.4343302,0.34521797,-0.35614282,0.24904206,0.36395133,0.43861416,0.68177414,0.45676348,-0.05562751,0.15179761,0.020465517
-0.19381042,0.5719171,-0.2640027,-0.0031598848,-0.032604564,-0.06930515,0.7906086,0.34154698,0.07344074,-0.024968069,-0.2536784
-0.0018606023,0.47995496,0.16676365,0.029647304,0.08331609,0.23640649,0.83820254,0.3442258,0.010205474,0.0067372983,0.16605441
0.1746155,-0.8650973,0.051931098,-0.40375733,-0.20192765,-0.28927,-3.7613506,-0.59445864,0.003613852,-0.03642654,-0.06634954
0.61278987,0.24067366,0.3168394,-0.10132654,0.66033846,-0.044126123,0.65784776,0.26164255,0.03095173,0.015954634,0.042640835
0.42719367,0.64383686,0.12665915,0.015150508,-0.0922874,0.35336515,0.7059782,0.40512234,0.039932236,0.055091854,0.09276897
-0.73185617,-0.33377072,-0.071547136,-0.027220303,-0.11786107,-0.35419577,-2.56702,-0.18525864,-0.0347398,0.014210401,-0.03844776
0.26288983,0.35437772,-0.26515567,-0.14660555,-0.15908268,-0.07238239,0.60504735,0.21626975,0.03686994,-0.018855276,0.0050704954
-0.019781511,0.123515725,0.05732812,0.292054,-0.06800033,-0.19432475,0.6203382,0.362623,0.06439473,-0.15582858,0.028703896
-1.2068409,-0.35545194,0.319017,0.2628931,-0.12540594,-0.05256014,-0.9554935,-0.05583959,-0.011152834,-0.020244218,0.18512546
0.66092765,0.26349595,0.043191243,0.009610161,0.55192834,-0.14559773,0.24149661,0.26327428,0.0488752,0.045478567,-0.3529095
-1.341333,0.16437106,0.4222531,0.06372209,-0.11018949,0.22202004,0.23728251,-0.13968694,0.01685039,-0.019886209,-0.03045913
0.22823371,0.3246379,0.1721712,-0.16756365,-0.1722577,-0.4507263,0.5525106,0.52481127,0.059203252,-0.12854293,0.03143435
0.6180553,0.25010544,0.00068480335,0.10074452,0.03255575,0.24538456,0.6671879,0.03738141,-0.00940215,0.011744696,0.053906783
0.52307975,0.12803878,-0.053662404,0.18649979,0.66359365,0.21703789,0.7199187,-0.14630784,0.06108375,0.00035854045,-0.101054356
0.3677015,0.3729982,0.26119274,-0.045360863,0.915133,-0.23071669,0.6628215,0.40475667,-0.0354308,-0.023459049,0.04160639
0.4541174,0.105667315,0.13677159,0.25561845,-0.30406353,-0.29041755,0.6278918,0.36665222,0.016228918,0.009227028,-0.04264353
0.18342821,0.16154024,0.16289733,-0.067743264,0.8344204,0.26331374,0.5227973,0.0005932745,0.07261504,0.0008544951,0.17258592
0.16953503,0.6299543,0.40201223,0.08053261,0.40124026,0.25168574,0.8127188,0.15695707,0.006523745,0.039086293,-0.30185783
0.65981686,0.2706754,0.20867513,0.2852399,0.049977165,0.37853542,0.7309555,0.16562934,0.012751478,0.009068923,0.21797536
0.094160706,-0.2606995,-0.33503264,0.022572251,-0.16902265,-0.31098166,-0.7192253,-0.32736725,-0.16484383,-0.049807638,0.090592474
0.2508933,0.089366674,0.011681131,0.1516093,-0.019680265,-0.17728803,0.16666447,0.39848977,-0.057532717,-0.2606904,-0.32096404
-0.0066323834,-0.45120212,-0.23419861,-0.22889376,-0.28972784,-0.33036715,-3.1545308,-0.46377808,-0.13048446,-0.041748248,-0.3638673
-0.3697439,0.519283,0.10723567,0.020720018,0.53569776,0.39475903,0.71867305,0.068225466,0.011998008,0.0011201611,0.08774916
-0.30327752,0.18272898,-0.29590234,0.2777415,0.4221403,-0.142458,0.61435777,0.42369524,-0.03250116,-0.190528,-0.013251646
-0.1408795,0.115042575,-0.2055413,0.23944783,-0.089763865,-0.10245327,0.6307242,0.06775232,0.057910077,0.029400002,0.034392755
-1.1557378,0.17581671,0.14907551,0.010882606,-0.29923868,-0.1314954,0.3828345,0.27998084,-0.00999211,-0.04626395,-0.03983706
0.6075099,0.10535871,-0.234884,0.015351657,1.0092961,0.13078594,0.40224504,-0.051363327,0.03438011,0.006482931,-0.47757763
-0.024620682,-0.81862336,0.0057971925,-0.15368441,0.07438257,-0.25526348,-1.2653184,-0.27866802,-0.059218917,-0.05617454,0.11418361
-1.6371027,0.09882973,0.1706718,-0.022990987,-0.027845854,0.18472058,0.07059679,0.014843771,0.040850338,0.033654936,0.4078051
-0.8394412,-0.8797144,0.14274196,-0.3192408,-0.20802002,-0.21738145,-3.6738145,-0.3284039,-0.023174794,-0.009487473,-0.03627951
-0.682385,-0.71899974,0.111708045,0.12896168,-0.15622789,-0.21889952,-2.4800258,-0.33570665,-0.040458977,-0.025847288,-0.120447606
0.096196644,-0.8519287,0.012848125,-0.13570964,-0.3103677,-0.36162475,-4.170864,-0.58003896,-0.020691438,-0.034482963,-0.17180668
0.55166477,-0.27676305,0.2402124,-0.07545715,-0.15792789,-0.30990717,-1.090897,-0.18764156,-0.1234463,-0.0038125573,-0.05197045
0.8797414,0.22103733,-0.0037553539,0.3024601,-0.009066598,0.30701873,0.5755032,-0.042066645,0.028539881,0.0037000673,-0.26698852
0.41179168,-0.8230418,0.11205894,-0.18855128,0.62207764,-0.20973562,-1.1738251,-0.2996168,-0.04056188,-0.058268078,0.049207445
0.4395438,0.37535077,0.13293923,-0.076795116,-0.0820052,-0.18455417,0.63003856,0.3334119,-0.030496921,0.0037934547,-0.0642264
0.2771994,-0.829379,0.014458143,-0.3355592,-0.30345604,-0.38627312,-4.0382333,-0.6570868,-0.11085519,-0.04522605,-0.0001075076
-2.1358685,0.18298443,-0.45215937,-0.1682353,-0.23309709,0.14991954,0.448797,-0.01883538,0.028195232,0.04807149,-0.027512986
-1.1623824,0.80410236,0.31370682,-0.025171928,-0.2577449,0.36142385,0.9594181,0.3392705,-0.006642111,0.075918086,0.012328574
0.43514016,0.108739436,-0.37744763,0.012238487,-0.09698415,0.21115506,0.6468381,0.015885036,0.027095778,0.008693843,0.013501058
0.26188275,-0.75867707,-0.14433789,0.2823697,-0.13106297,-0.27034298,-1.3280916,0.0054119285,-0.029750567,-0.09987498,-0.035649847
-0.38215497,-1.1016562,0.12131566,-0.17864542,-0.28451318,-0.32206994,-3.350148,-0.2465886,-0.01006309,-0.016998744,0.25453073
0.19431034,0.18574649,-0.11556059,0.1601635,0.30538848,0.032813914,0.6181305,0.4407568,-0.025851645,-0.10645038,0.031216295
0.10558083,0.51274693,0.14010245,0.1956077,0.24214517,0.5136736,0.8657367,0.04780541,0.026832007,0.023256611,0.06391374
-0.07502659,0.6285163,0.057167247,-0.24807882,-0.08936488,0.38200665,0.66136146,0.20236182,0.037584517,0.027957305,0.103711806
-1.4721267,0.03410174,0.14624692,-0.07894462,-0.17837057,-0.07963859,-0.40200832,0.17664777,-0.08349974,-0.029383957,-0.088248245
-0.027259383,0.41796452,0.42376202,0.24974427,0.506676,0.0117009375,0.7361331,0.31459206,0.03108537,0.04700371,-0.36535215
0.3855866,0.15295374,-0.10919177,0.18505277,0.51992404,-0.24611738,0.5308424,0.33329564,-0.04562729,-0.06130792,-0.022315873
-0.8505715,-0.7364914,0.09271067,-0.22419383,-0.1472484,-0.13872994,-3.297404,0.5168264,-0.038954716,0.040091597,0.39594415
0.6108839,0.18344784,0.22334006,0.081023544,0.0025455903,0.19608246,-0.3634169,-0.26986635,-0.015082194,0.012299261,0.120854035
0.13937648,-0.3321045,0.24099042,-0.06265062,-0.18575862,-0.32322356,-1.3607836,-0.35327083,-0.13751659,-0.019735709,-0.0911511
-0.048329666,0.13089782,0.19504313,-0.15030952,-0.20285463,0.17062762,-0.1903511,-0.3234263,-0.031773146,0.0031513697,0.11301742
0.5654925,0.30917278,-0.4737096,0.26324674,0.8797369,-0.04743805,0.6593657,0.24251364,0.10687732,0.039125957,0.04479201
0.47550365,0.20642751,0.22155955,-0.04203728,-0.036005113,0.375266,0.729169,-0.038955644,0.04829219,0.009445135,0.37923896
-1.3856057,-0.4540773,-0.14723799,-0.09748494,0.020748917,-0.2693696,-1.1540841,0.4222365,-0.09355453,0.008821433,0.44254753
-0.9148394,-0.5234974,-0.15520388,-0.24180599,-0.19600351,-0.09058854,-2.0448477,-0.37499538,-0.022950854,-0.018322168,0.13785619
-1.0365696,-0.37337378,-0.05322511,-0.01077329,-0.12322004,-0.0186934,-1.4078519,-0.4843391,-0.036406692,-0.036684666,0.053322155
0.011275285,0.3260532,0.111873664,0.11819642,-0.30899066,0.004378057,0.5993267,0.2542755,0.06819948,0.06527546,-0.05751567
-0.158988,0.16196431,0.22114347,0.6307229,0.14780955,0.30254346,0.7879263,-0.06326834,0.021597728,0.006430372,0.14055452
-0.09369349,-0.33594438,0.0112053435,-0.21795039,-0.15044196,-0.28261194,-1.3059789,-0.251047,-0.18459149,-0.014014017,-0.28238347
0.28013274,0.2156018,0.304837,0.22665006,0.21343888,0.062374324,0.60717225,-0.053828727,0.010626005,0.032645352,0.015679656
0.47136724,-0.41658008,-0.2503314,-0.3220295,0.63719267,-0.22169603,-0.7022751,-0.531872,-0.06569679,-0.07241462,0.12633015
0.1647806,-0.7300901,-0.077530466,-0.13218343,-0.30902788,-0.2663553,-4.1526246,-0.5189873,0.042093705,-0.056410134,0.30278462
0.31966475,-0.98486686,-0.2142873,-0.2796893,-0.16890061,-0.40264934,-3.9935868,-0.660126,-0.05553527,-0.028590305,0.37124622
0.3247321,0.14253002,-0.018868528,0.667503,-0.22572714,-0.11546862,0.4717587,0.47834602,-0.014849709,0.0470005,0.3068387
-0.20556265,0.62256944,0.06630654,0.253127,0.36397237,0.31801832,0.77130705,0.28610694,-0.008574352,0.015140515,0.17280497
0.43062806,0.17138723,-0.6851034,0.009966447,-0.17841886,-0.15835391,-0.26672313,-0.20712611,-0.1465954,-0.015664749,-0.1289687
0.56366426,0.23371707,0.09600184,0.26153868,0.3712908,0.2661526,0.55630714,0.05707293,0.03778004,0.012384522,0.10386205
0.116106905,0.38518962,0.4411252,0.0401843,0.58786947,0.085901484,0.71399444,0.261415,0.023497451,0.0054775947,-0.14176102
0.48990852,0.58527356,0.085469514,0.104466766,0.60612416,0.18816978,1.0817584,-0.042358235,0.03252542,0.009810899,0.14819518
-0.028582396,0.69538414,-0.4707949,0.26583496,0.3637326,0.30548915,0.88187873,0.22577879,0.016872095,0.06114363,0.10856781
-1.2306364,0.094989374,-0.5391138,-0.09175251,0.086371124,0.2520433,0.4922451,-0.10535364,-0.043576118,-0.050453566,0.012714322
0.00080210157,0.17468153,0.14819314,0.3435925,0.5949428,0.2959138,0.5761801,-0.13392997,0.04957716,0.0073405216,0.025898825
0.47496775,0.079534754,-0.2464254,0.56216717,0.7095394,0.19453572,0.75529885,-0.15222812,0.09580696,0.0003828784,0.0958906
0.49270943,0.13315001,0.05778576,-0.0935987,0.2291836,-0.19955295,0.6368854,0.21153139,0.009934481,-0.052171778,0.003557199
0.76216966,0.15694347,0.051829755,0.1908072,0.30271438,-0.11819376,0.5488075,0.13097091,0.07459185,-0.029639063,-0.011920084
0.0021470431,-1.1387128,-0.22259542,-0.17516644,-0.3013321,-0.44020972,-3.8971674,-0.3952245,-0.030212749,-0.02632612,0.030395873
-1.1823089,-0.30762717,0.21305427,0.032488097,-0.10743175,-0.08947416,-1.7490369,-0.17658028,-0.017151454,-0.009185787,-0.14832781
-0.1488175,0.15922756,-0.03505352,-0.039652117,0.62730104,0.20719466,0.56654584,-0.13159586,0.04194317,0.003645998,-0.35937515
-0.15458024,-1.0272115,0.09033693,-0.37513095,-0.3368875,-0.31817397,-4.145385,-0.63979566,-0.015490035,-0.029206466,-0.1615374
-0.23195301,-1.1985478,0.20121329,-0.20319529,-0.29490104,-0.32282633,-3.8565328,-0.40771508,-0.024072178,-0.071302116,-0.15746707
-1.4507983,0.088547476,0.03336762,0.0012116448,-0.20961732,0.21506174,0.05524565,-0.08557369,0.0059178765,-0.019553684,0.068879366
-0.03544757,0.1748128,0.119793765,-0.001243473,0.74968255,0.17141196,0.6457664,0.09049159,0.019187761,0.0058511132,-0.3726487
-0.1372105,0.5340275,0.1603277,-0.09774661,-0.18577862,0.2284418,0.7355484,0.44105822,0.07133123,0.03794926,-0.030975677
0.5488178,0.30645868,0.2923303,0.002056998,0.14946967,0.20952241,0.7421883,0.3229962,0.065449916,0.04355024,0.4447265
0.2128395,0.7952984,0.108890794,0.06450421,-0.23020737,0.4488854,0.74232876,0.309634,0.0172646,0.02769117,0.015016084
-0.15905894,-0.1073951,0.36882776,-0.09305574,-0.15850118,-0.12893696,-0.6355553,-0.25397646,-0.1240168,-0.004403101,-0.041453622
-0.4353011,0.6499536,0.18312316,0.008828535,-0.09578937,0.31021872,0.6312987,0.19842626,0.03183293,0.05367285,-0.24234785
0.572557,-0.10345498,0.32206014,-0.091984704,-0.107375,-0.18352647,-0.13541885,-0.02454518,-0.02691329,0.029725203,-0.028455218
0.35424986,0.28806087,-0.66899335,-0.19364807,-0.14509977,0.22713725,0.6769097,-0.012102265,-0.0407094,0.009738206,-0.011605963
0.12877189,0.5585562,0.15140338,0.03344665,-0.22109494,0.26705334,0.81497765,0.32476354,0.06691451,0.015532575,0.07100418
0.4996348,0.041245505,0.0707459,0.2194615,-0.1712363,0.07956002,0.4454899,-0.106032155,-0.01607026,0.01257304,-0.388596
-0.4133129,-1.0820287,-0.13931258,-0.2179923,-0.15236461,-0.35940236,-3.7362418,-0.4909338,-0.025381858,-0.047474016,-0.12841071
1.1848264,0.19277374,0.38943774,-0.15885414,0.40215772,-0.21650837,-0.019306473,0.24233079,0.0063077407,-0.048807286,0.2042821
-0.09448244,0.55353,-0.016383274,0.3197066,-0.10214049,0.31233585,0.8246206,0.13398258,0.028115192,0.021406816,0.119732775
0.31731617,-0.025049765,0.23206776,-0.083272874,-0.1418808,-0.16575116,-0.7217946,-0.24026588,-0.11877463,-0.02887212,-0.61517185
0.66947246,0.25185874,0.14335226,0.40605056,0.7415055,0.29869404,0.644488,-0.04267999,0.022436477,0.011028425,0.12441375
0.30136728,0.3266077,-0.07810616,0.10245767,0.019990772,0.20854345,0.56780815,-0.14067414,-0.005745438,0.0019081867,-0.014598315
0.40529138,-0.6823631,-0.27107918,-0.17041379,-0.17124173,-0.38324904,-2.0181468,-0.19238013,-0.04298076,-0.020186072,-0.04190958
-1.6518888,0.13168803,-0.42916438,-0.027121555,-0.010749901,0.14741473,0.36260942,-0.081851915,-0.012041051,-0.0381327,-0.23770845
-0.9582309,-0.5074185,0.27667457,-0.09592533,-0.21242042,-0.26399606,-1.7388198,-0.28942573,-0.10619739,-0.01962896,-0.11395654
-0.39553735,0.3096437,-0.4280258,-0.07043597,-0.18286936,0.31357244,0.6149169,-0.008197301,-0.010651929,-0.02403944,-0.2002464
0.30827576,-1.146432,0.047273953,-0.3168545,-0.26817977,-0.39352047,-3.8409934,-0.51107115,0.00886494,-0.039417,0.35600618
0.021584239,0.1252067,0.13843656,-0.047539376,-0.09842512,0.30580464,-0.16857983,-0.1606404,-0.025660522,-0.010730506,0.0877594
0.43972424,0.17070259,-0.2307986,-0.23929864,-0.14154965,-0.10865516,-0.092700295,-0.2365571,-0.14855748,-0.00069470704,-0.053324208
-0.034296993,0.13847841,0.38913298,0.083684,-0.046456825,0.19130717,0.25913054,-0.054570764,0.020471677,0.023802783,-0.16786587
0.32117337,0.004946885,-0.44859982,0.11059653,-0.07626552,-0.15801342,0.36207244,0.39249116,-0.003176835,-0.33262536,-0.5686678
-0.60310084,0.30728886,0.1159675,0.20602173,-0.21910486,0.42535877,0.6162381,0.053576797,0.037247486,-0.0031440747,-0.006496251
-0.56852865,0.20552716,0.25325215,-0.010396035,-0.17002866,-0.31047451,0.28570694,0.28645524,-0.030038795,-0.037945308,-0.081315495
-0.3724511,-0.9214056,0.28650847,-0.29024473,-0.3488265,-0.585026,-3.7586067,-0.53112435,-0.036727615,-0.027742611,-0.041577343
-0.07339627,-1.1135857,0.05927026,-0.2939854,-0.33069944,-0.44533983,-3.745974,-0.5231346,-0.015834428,-0.023462888,-0.062244713
-0.04862339,0.42395282,-0.057295907,0.18355294,-0.1755041,-0.07886543,0.62370104,0.46571806,0.065609075,0.08129644,0.09092424
-1.4257157,-0.00012227439,0.057614714,0.07520239,-0.033267327,-0.13454103,-0.9282721,-0.2814124,-0.11357224,-0.029753705,0.017744252
-0.09703105,0.7178672,0.09366301,-0.1809902,-0.2222841,0.3005571,0.7091031,0.2284018,0.02930509,0.04220682,0.0674254
0.50007236,0.37272307,-0.24215996,0.022237072,-0.09665868,0.33949605,0.7816939,0.26817715,0.01237263,0.024980605,0.07303388
0.27177092,0.39861715,0.35591042,-0.18009607,-0.14249669,-0.103698134,0.41677392,0.14274256,-0.0146267675,-0.010367778,-0.15288317
0.006440768,0.5057387,0.16852462,0.030849366,-0.082507156,-0.34626678,0.5979284,0.44415545,0.020103833,-0.2150493,0.030632101
-0.9546946,0.00088303315,-0.08224637,0.10951162,0.7778547,-0.02317331,0.5809739,0.5032112,0.07394234,-0.04811712,0.042223167
0.3255317,0.15120614,-0.21665978,0.08035699,-0.0630908,-0.060069125,0.5581626,0.22122468,0.10335696,0.055421293,0.4463448
-0.06868161,0.33771935,-0.21979134,0.36329517,-0.06621829,0.023230936,0.63028073,0.26534712,0.029887524,0.032692183,-0.19219549
-0.45900753,0.6407843,0.24930029,0.31844425,-0.149603,-0.0055559813,0.8551304,0.4388216,0.08496715,0.051329613,0.06384765
0.53315437,0.33280757,-0.0025998428,-0.04745404,-0.19116619,-0.14562552,0.7279705,0.18298651,-0.027004365,-0.011093744,-0.04657009
-1.4971825,-0.4662205,-0.25590798,-0.08426175,-0.16805857,-0.082470395,-1.3477011,-0.42805487,-0.03479,-0.02379492,-0.011943051
-0.034975473,-0.34648335,-0.48902518,1.0487808,-0.14716262,-0.07817731,0.5766287,-0.15286618,-0.02394968,-0.014141519,-0.14934132
-0.8260321,0.005054614,0.19622445,0.39158863,-0.04040811,-0.113537714,0.22275679,0.59468746,0.04150701,-0.0005371296,0.04465177
0.24449742,-1.0261061,0.0856667,-0.21511252,-0.31391278,-0.62472486,-4.003498,0.5380746,0.03443318,0.06574172,-0.1000901
-1.3550708,-0.42565608,-0.19808258,-0.036853172,-0.09600355,-0.28522745,-1.3508862,-0.19240369,-0.14455906,0.006536726,-0.0059720315
0.395033,0.38497078,0.12475927,0.090542786,-0.13578501,0.4267839,0.6518824,-0.18943901,0.057895243,0.0059782355,0.03799767
-0.10870184,0.30870643,-0.0070102653,0.005255899,-0.113001406,0.31582603,0.64893645,-0.23820075,0.040810104,0.01128967,-0.30693096
0.3317674,-0.8676993,0.11234665,-0.10415501,-0.29747093,-0.25650436,-4.0700274,-0.55338883,-0.05230421,-0.02775047,0.044025358
0.25125614,-0.5155751,0.5234784,0.10303269,-0.16608295,-0.2684611,-2.229888,0.52776504,0.044587083,-0.024940694,0.47704297
0.52702576,0.12751515,0.17099671,0.19108784,-0.051685747,-0.20690723,-0.038408913,0.52382624,0.07127526,0.07632736,-0.2183779
-0.83620644,-0.33775014,-0.019028738,-0.06398131,-0.12180077,-0.19914645,-2.6317768,-0.5752049,-0.09264913,-0.027177611,-0.19524387
0.10468489,-1.2325902,0.058121435,-0.28814527,-0.31333444,-0.290485,-3.7998896,-0.4862419,-0.080723666,-0.019017648,0.22799857
0.13442987,0.46813115,0.23022005,-0.02563997,-0.16079168,0.33830976,0.76749545,0.19557503,0.005418208,0.031232357,0.008783273
0.14895755,0.5296399,0.104111925,0.02515675,-0.18722433,0.265089,0.8203025,0.3735943,0.066885546,0.031692717,0.048041485
-1.1054277,-1.2345241,0.13328962,-0.16608372,-0.21466482,-0.29347682,-3.5162804,-0.2709784,-0.10826139,-0.14072883,-0.13075551
-1.1507947,-1.0741388,0.10901414,-0.2077057,-0.2056353,-0.32921743,-3.5177567,-0.3358015,0.027216217,-0.0024022749,-0.24534088
0.31341073,0.79435456,0.31106046,0.19352959,-0.08754484,0.3584467,1.003874,0.36330265,0.023220515,0.043292735,0.02642878
0.3475926,0.113248825,-0.36744934,-0.076756746,0.36626625,-0.18352832,0.04665027,-0.037455566,-0.027765986,0.014333134,0.10703661
-1.1884618,-0.28213447,0.15295929,-0.12666762,-0.15737778,0.15691844,-1.2678696,-0.46212116,-0.034373246,-0.015037417,-0.057725336
-0.8737195,-0.704895,0.2358854,-0.3386646,-0.1916493,-0.22084364,-3.6778977,-0.38212872,-0.01976683,-0.005348723,0.036792643
-0.08586382,-0.0051018265,0.13046241,0.51451945,0.6547303,0.18374303,0.6705439,-0.07744812,0.052056506,0.005463106,0.15313256
0.51299787,0.34466305,-0.13293993,0.22848198,0.3081206,0.12573744,0.5920718,0.35773864,0.02962468,0.13092576,0.0043433765
0.57140267,0.15377104,-0.032280795,-0.04528626,-0.16266306,-0.08701145,-0.25337863,-0.15291828,-0.08536727,-0.005533297,0.24367832
0.26068932,0.70958537,-0.37215292,-0.14333107,-0.085717745,0.24081336,0.7643791,0.44546056,0.043736465,0.04993443,0.35679686
0.34126407,0.08086418,0.13417688,0.08351933,-0.08392717,0.2622252,0.6039414,-0.118699566,0.033384785,0.013763913,0.40765435
0.7731136,0.14116174,-0.11490344,0.22549617,-0.119697474,0.13511795,0.6388444,-0.072980925,0.01754333,0.029846445,0.077562585
0.67285985,-0.11843204,-0.11946603,0.891979,0.72766036,-0.12172077,0.7587549,-0.09663039,-0.017791571,-0.0113676265,0.037120912
0.25587142,0.17398573,0.23243342,0.24233091,-0.095822796,-0.072175115,0.61188626,0.25061318,0.044495072,-0.02768253,-0.20891859
-0.96752614,-0.31002113,-0.11442183,0.009621561,-0.10182233,-0.29163608,-1.1834444,-0.1610633,-0.029992966,0.019077139,-0.08994606
-1.2318157,-0.65585357,0.10098175,0.25048187,-0.037888687,-0.13236833,-1.1482649,0.32739496,-0.030651003,0.041464478,0.30672652
-0.29676938,0.10231169,0.19675802,-0.12117796,-0.2662399,-0.040510252,-0.18989645,-0.29441243,-0.10425816,-0.015530735,-0.0071591847
-0.99255264,-1.1900693,-0.11395903,-0.16019258,-0.17219706,-0.3476364,-3.2419937,0.4360109,0.0044294614,-0.008935835,0.4011682
0.30695003,0.24027576,0.1548976,0.29677218,0.03355884,0.2611393,0.6973927,0.417513,0.118783705,0.16281867,0.09619343
-1.6303582,-0.64451236,-0.23459747,-0.053867817,0.52865857,-0.47292972,-1.1314774,0.33813918,-0.054395553,0.014119843,0.22245848
0.10973795,-0.49937913,-0.166694,-0.13392504,-0.27597308,-0.23972268,-1.2883729,0.22385435,0.0066670715,-0.3429073,-0.048499368
-0.6861828,-0.85461044,-0.004806475,-0.20101465,-0.21258177,-0.33003336,-3.7206972,-0.44128603,-0.020162823,-0.020861037,-0.25320354
0.16265377,0.4473114,0.2251676,-0.093190454,-0.10584042,0.37785915,0.6759718,-0.012869452,0.0270511,0.012115624,0.111054085
-1.0721614,-0.19168036,-0.32254788,0.030354185,-0.05388261,-0.2817522,-1.1297767,-0.20701346,-0.05866977,-0.029623276,0.030097399
0.41756016,-0.4955623,0.063709214,-0.11196398,-0.30935505,-0.31834373,-1.2727146,0.08706012,-0.02784881,-0.03964971,0.025267813
0.49884355,0.39270997,-0.039820414,-0.030075707,0.07127052,0.27703896,0.73771024,0.3592073,0.087830715,0.046449162,-0.3140591
0.3203578,0.20884168,-0.1886885,0.25054544,0.18951462,-0.20035127,0.7090669,0.37669057,0.047184188,-0.03192852,0.17019132
0.2961169,-0.9098288,0.122286804,-0.26430744,-0.26864317,-0.31504157,-3.9835355,-0.71084756,-0.04427222,-0.028265556,0.11041123
-1.5679612,-0.44420615,0.015821988,-0.027460316,-0.19394884,-0.028087836,-1.2846403,-0.31957573,-0.015450652,-0.01556672,0.05683322
0.21276087,0.10610828,0.3220913,0.19236642,0.9663796,0.21181507,0.78343683,0.15623549,0.04936134,0.014253029,-0.17145889
0.2804425,0.44540045,0.2174887,0.20388207,-0.1223469,0.33896947,0.71299165,0.24331538,0.028107319,0.045401167,0.011726335
-0.54276013,-1.0294492,-0.24613857,-0.28318602,-0.1644912,-0.32221332,-3.3589778,-0.35567382,-0.018007483,-0.010175197,-0.10533244
0.11793241,-0.7983211,-0.17440173,-0.37105837,-0.30797136,-0.19694032,-3.5974457,-0.5543455,-0.066294,-0.011259593,0.02069776
-0.18920118,0.5115751,0.24327563,-0.042308927,-0.12815051,0.20607157,0.53674376,0.15873095,0.004103617,0.015142048,0.078454025
-0.033563532,0.18496956,-0.38307264,0.09888839,0.8034565,0.2732789,0.6481477,0.016696516,0.04796167,0.0006989769,0.11907877
-1.2318051,-0.35989055,-0.17645887,0.4393548,-0.18799652,-0.09342099,-0.8248591,-0.15190797,0.00092200685,-0.023973359,-0.1860384
0.18358992,0.25452426,0.14860347,0.14355066,-0.13750206,0.33519173,0.63023865,0.3074765,0.05842227,0.04098972,0.044556357
-0.08156436,0.17825836,0.3370857,-0.011395386,0.100939356,0.069266334,0.5867172,0.13105126,0.0030606703,0.027824922,-0.04586794
0.7677033,0.34413603,0.11799402,0.058115575,-0.10047809,0.3695584,0.65031946,0.057752047,0.0014974893,0.02450662,0.09079284
0.3742667,0.24000797,0.4064392,0.19206274,0.47700307,0.14253145,0.35045695,0.28194618,0.060411107,0.03138242,-0.24683443
0.58696306,0.22934265,-0.22426057,0.46445608,0.017310696,0.29364994,0.45355028,0.027665641,0.09063907,0.010677299,0.11619717
0.21367395,-0.033075888,0.14391832,0.23612854,0.2595397,0.14575723,0.57942116,-0.26689252,0.04736324,0.007595717,-0.14448047
-0.016680095,0.14540829,-0.12470939,0.8736394,1.1684359,-0.20378505,1.0540736,0.036612142,0.023902856,-0.019664017,-0.22905864
0.40693578,-0.12262764,0.25335187,-0.042854365,-0.06128249,-0.29212376,-2.0292516,-0.21786334,0.0073631825,0.03645498,0.75633675
-0.21780233,0.6535832,-0.13453776,-0.054084595,0.3883581,0.43382668,0.89393026,0.004531948,0.034284584,-0.0011474277,-0.013378089
0.24544883,-1.1957072,0.013523217,-0.1943428,-0.26298976,-0.31888947,-3.865696,-0.39968657,-0.05482309,-0.1192137,-0.04903732
-0.014015581,-1.0366719,-0.20144378,-0.29370242,-0.23047425,-0.42535308,-3.773636,-0.5604837,-0.034377556,-0.023811296,0.004419501
0.53075916,-0.43822888,0.08618433,-0.034301136,-0.2281932,-0.12950234,-1.216945,-0.30158973,-0.027264247,-0.009910395,0.15971844
-0.023255795,-0.7376935,0.20038311,-0.37205672,-0.2717138,-0.24009514,-3.9579277,-0.5374909,-0.033533137,-0.030014288,-0.15244375
0.25859648,0.15958232,-0.3025402,-0.00863651,-0.09711999,0.36266327,0.176973,-0.02433221,0.036974866,0.0044788774,-0.1258899
-0.584314,-1.1584715,-0.042630948,-0.11068764,-0.1790588,-0.394786,-3.2652183,0.1441967,-0.01649261,-0.0028919913,0.0031503276
-1.2687488,0.040361244,-0.29617614,0.022822356,-0.20351063,-0.09534036,-0.56960833,-0.31551287,-0.10689509,-0.013493668,-0.10442935
0.31156367,0.18126576,0.099091545,-0.01055416,0.45027238,-0.18257684,0.5265789,0.14137495,0.0007420287,0.015477726,-0.15771359
0.09466196,0.3317978,-0.09912478,0.010018311,-0.21069467,0.40278763,0.70456433,0.09706772,0.029334364,0.024242915,-0.22014181
-0.9776827,-0.35534355,-0.35914508,-0.020219749,-0.1792936,-0.25306273,-1.3328543,-0.40881732,-0.13083136,-0.035859205,0.13757399
-0.63787895,-0.36539397,0.13627659,-0.15128456,-0.23708181,-0.19258453,-2.1917725,-0.2541036,-0.096389875,0.03142916,0.6835287
-1.0016632,-0.4702216,-0.057143107,-0.10494539,-0.23961438,-0.387492,-2.6319973,-0.29105103,-0.011362973,-0.037996523,-0.102706805
0.051357206,-1.1832149,-0.15087861,-0.2124219,-0.18638952,-0.29511622,-3.755026,-0.38239375,-0.016587941,-0.05069749,0.3612323
1.1392738,0.2101184,0.29670528,0.2710336,-0.17049827,0.15022103,0.44348282,0.060356162,0.010326568,0.031975184,0.059587643
0.75135756,0.2326061,0.09623341,0.012526475,-0.049837142,0.098019704,0.53517824,0.06922503,-0.016487515,0.01191707,0.13546665
-0.17990327,0.076210715,-0.482443,0.15925801,-0.047740944,-0.108280145,0.44045195,0.35330364,0.018222248,-0.06635911,0.045462154
0.10898777,0.4152329,0.347532,0.29791445,-0.06466774,0.40980068,0.6153194,0.06230334,0.03789283,0.031369645,0.10394747
0.73446685,-0.4098329,-0.24336082,0.26591304,0.7077783,-0.14750034,-0.058525003,-0.34313524,-0.035974916,-0.019825602,-0.026341874
0.31041366,0.4082067,-0.19518071,0.058548912,-0.1530208,-0.0673549,0.6035815,0.5487861,-0.036996823,-0.12751009,0.108396225
0.4241598,0.21788655,0.31799257,-0.084908694,-0.15979092,0.24722753,0.5704072,-0.028638918,0.026353916,0.028176595,-0.08985104
0.21758717,-0.8620252,-0.041964203,-0.27124095,-0.2530251,-0.30952433,-4.0840635,-0.7199494,-0.0146833295,-0.024312839,-0.1551587
-1.8632684,-0.12877142,0.025322378,0.20143756,0.3632701,0.17161278,0.28312188,-0.09597565,-0.0039046118,-0.035916194,-0.4229859
0.4523234,-0.1266463,0.070840396,0.08125673,0.064856775,-0.129843,-0.9545597,-0.22084773,-0.023854954,-0.01896906,0.123874515
0.5260903,0.6182622,-0.010151325,0.13805112,0.1959917,0.3356106,0.88580775,0.28996325,0.06148149,0.032089602,-0.27034208
0.2982616,-0.27492857,-0.08306457,-0.07415569,-0.26949176,-0.024061572,-1.2094382,0.70983,0.09689798,0.1210744,-0.01979741
-1.3767624,-0.36933634,-0.21581121,0.00435221,-0.026923575,-0.09711933,-1.1966808,-0.44882774,-0.035441056,-0.035977095,0.07070157
0.5122975,1.0695096,-0.058343913,0.1235044,-0.018090181,0.25340074,0.9645115,0.28512397,0.027726598,0.03705934,0.071120635
-0.20108658,-1.0362608,-0.29000008,-0.22005442,-0.26462477,-0.40932947,-3.8376303,-0.3009823,-0.064410314,-0.06873883,0.3831343
-1.1273109,-0.566474,-0.30264845,-0.027685491,-0.14048557,-0.0891374,-1.4013126,-0.32559955,0.013567096,-0.02660437,-0.17288657
-1.2315755,-0.14409642,0.33029616,-0.2168151,0.32069084,-0.21095578,-0.11848915,0.26655617,0.004321146,-0.24117115,0.32387438
-0.2503635,0.14266217,-0.3185875,-0.042446975,-0.31328443,0.1177861,0.59935766,-0.0024230245,0.016250076,0.022242643,0.059023593
0.6862537,0.516369,-0.24117154,-0.018683465,-0.3235813,-0.06179237,0.44996753,0.4438627,0.034144796,0.023269977,0.18690196
-0.015694138,0.6500291,0.22131482,0.015453429,-0.12573989,0.23387374,0.72494894,0.35599172,0.06080816,0.03561098,0.082726635
0.1083378,0.23604958,0.3035591,0.20424503,0.21494523,-0.10794413,0.59171855,0.32570183,0.011919039,-0.20560318,0.030663827
-0.060764592,-0.011700645,-0.46897897,0.14713824,0.040084958,0.18986295,0.6179004,-0.033163738,0.0007935268,0.005083265,-0.6944011
0.9891426,0.29296565,0.2358172,-0.061983205,0.461581,-0.008040266,0.54091734,0.075168066,0.00062727486,0.020448495,0.5014609
-0.15598701,0.3975201,0.053525336,-0.0043332474,0.014869281,0.2687257,0.7019358,0.3420268,-0.036949072,0.015191954,-0.05146313
-1.0085869,-1.2136368,0.07640953,-0.044989,-0.14549509,-0.2378689,-3.5750837,-0.34434503,-0.02027318,-0.015320983,-0.2003272
0.4635355,0.2212901,0.34722552,0.2282208,-0.13128132,0.3626458,0.6005118,-0.22473508,0.028409544,0.024297783,-0.12380214
0.41440785,0.87378067,0.40301257,-0.05336173,0.23067944,0.31509733,0.92667013,0.1850768,0.0128747905,0.035539135,-0.010351604
0.021808451,0.2406657,0.013015755,-0.16569808,-0.06428391,-0.14082678,0.27773097,0.29275256,0.057496935,-0.016665807,-0.071824476
0.7848622,0.17548129,0.32791206,0.14373092,0.055366307,-0.3849904,-0.07066655,-0.15165177,0.011652368,0.012769241,-0.023346175
-0.13381855,-0.7414766,-0.01246263,-0.4030149,-0.27222583,-0.32962856,-3.953628,-0.5400479,0.016554687,-0.03992976,-0.16325371
0.1391154,0.50798976,0.087083764,0.044464987,-0.21264896,0.19562739,0.6025209,0.1625483,0.056628957,0.042242415,-0.3784293
0.060461503,0.30867606,-0.36386853,0.2614698,-0.13008364,0.2194461,0.60219485,0.27190742,0.035770442,0.037732255,-0.19966058
-0.96016324,-0.27929547,0.22811978,-0.044472724,-0.06563262,-0.41962633,-1.2554675,0.4674066,-0.015528072,0.047293987,-0.12701653
0.7704433,-0.14522928,-0.12211408,-0.32646897,-0.101467475,0.19570445,-0.72703004,-0.61964107,-0.050838273,-0.02601915,0.23841387
-0.14882438,0.39546686,-0.25086933,-0.102752246,0.13867186,0.11947676,0.6909414,0.21316873,0.042319994,-0.002189959,-0.22672866
0.23038916,-1.018053,7.2448165e-05,-0.27668667,-0.3630551,-0.4907331,-4.074067,-0.4997112,-0.050830934,-0.05169276,0.009102967
-0.531172,0.39995733,0.3477419,0.10176984,-0.00607475,0.14822148,0.6067798,0.03303144,0.030720841,0.0767852,0.004285076
-0.93685997,0.4349794,0.46227792,0.026826944,0.440676,0.3149697,0.65214884,0.35893938,0.090175584,0.10003486,-0.013282879
-0.15460679,0.44605857,0.23893635,0.24818999,-0.14584753,0.20794804,0.7196583,0.1392476,-0.0047450294,0.022252597,0.08782046
0.28129977,-1.0165257,-0.17239268,-0.28760722,-0.15568116,-0.3757224,-3.7098594,-0.75112104,-0.05294005,-0.02910307,-0.1421703
0.97423494,0.32048377,-0.11190248,0.09563696,-0.07792627,0.30970493,0.027143558,0.3600187,0.10567396,0.08090139,0.20851845
0.37322846,0.24934232,0.16163918,-0.00073415134,-0.24000376,0.3576198,0.6527242,-0.009767877,0.034325257,0.015398548,0.51272315
-0.7989006,0.04026039,0.023151182,0.12113871,-0.14485274,-0.37778425,0.17820397,0.31662625,0.054614957,-0.1369056,-0.03835952
0.3010533,0.4415142,0.15465164,-0.024051338,-0.2882959,0.32674715,0.6498104,0.32282034,-0.0048750946,0.032669187,0.100028
0.13091263,-0.025457406,-0.104343936,0.0075623067,-0.118162036,-0.21096508,-0.6353108,0.19354095,0.045205668,0.015264324,-0.4181992
-0.27302042,0.01123981,0.17313108,0.17837846,0.20507945,0.25799602,0.664215,-0.15270957,0.034329776,0.010824483,0.14096971
0.9322386,-0.14791112,-0.194769,0.4200677,0.45250452,-0.22026277,0.07383242,0.41704142,0.06707492,0.12558241,-0.022228038
-0.403031,-1.0154955,-0.08856018,-0.159897,-0.23077144,-0.2798266,-3.712854,-0.35434812,-0.044059023,-0.05096262,-0.12810652
0.13277195,-0.19250941,-0.24356063,-0.13232778,-0.2254092,-0.3760388,-0.6039779,-0.3363152,-0.09094662,-0.05908549,0.10860067
0.26573482,0.22176225,-0.51339567,-0.032791108,0.16258085,-0.13210148,0.69140947,0.04767235,0.031199154,0.06155687,0.018324673
-0.22660092,-1.0437223,0.012221766,-0.264415,-0.26134646,-0.39221483,-3.9201593,-0.6600478,-0.092512116,-0.0342409,-0.2286437
-0.12775078,-1.0526571,0.11944833,-0.25879097,-0.2455301,-0.41368034,-3.8873882,-0.60150397,-0.0071129743,0.0052860826,0.17514665
-0.5255735,-1.0137746,0.28124535,-0.32374987,-0.17437577,-0.22776225,-3.5608292,-0.48591173,0.013358427,-0.037514526,0.15222529
0.015380414,0.71046394,-0.50637454,-0.01330782,-0.08491877,0.33182082,0.9514359,0.2993911,-0.026621979,0.025113042,0.026328327
-1.0948278,-0.31034374,-0.42918065,-0.019811919,-0.18742841,-0.24795255,-1.2734423,-0.28859627,-0.150529,-0.03710648,0.014108114
-1.4305567,-0.59414315,-0.12718785,-0.1497676,-0.11000789,-0.42438123,-1.6720443,-0.41344392,-0.029123805,0.0027436654,-0.1985017
-0.28429848,-0.38484603,-0.51717716,-0.27839053,-0.23969647,-0.401878,-3.6976368,-0.42187095,-0.08479234,-0.03876449,-0.14890113
-0.4759552,0.16186579,0.07981394,0.2865012,-0.061355904,0.008723003,0.6068622,0.42412677,-0.015526498,0.09033903,-0.044595636
0.36675283,-0.89920664,-0.0055131484,0.18749344,-0.22952843,-0.44222006,-2.765138,-0.45437273,0.0045058844,-0.031118253,-0.23298155
-0.6636487,-1.029602,-0.26751757,-0.2384859,-0.18370244,-0.37420738,-3.583868,-0.3888594,-0.029736955,-0.009872521,-0.11549766
0.25968567,0.4784671,0.2821608,-0.051425975,-0.099137366,0.29062128,0.5991569,0.17094383,0.024233032,0.01910153,0.022635607
0.64993674,0.2048687,-0.07403124,-0.13631755,0.5480947,0.3120653,0.524228,-0.058604524,0.07141722,-0.0036648973,0.035733357
0.2870356,0.4279178,0.12846094,-0.07610987,0.37754193,0.4270278,0.9443562,0.067135915,0.042429652,0.00015385369,0.057436526
0.6594607,0.17110007,0.07063408,0.10567696,1.03045,0.2509607,0.69577545,-0.07117052,0.056400083,0.0047109933,0.15700181
0.37936723,-0.46151724,0.17610686,0.17460395,-0.08577499,-0.3137458,-1.3095587,-0.30810723,-0.111542605,-0.019989608,-0.12922686
-0.26891267,-0.00086218194,-0.07017171,0.03696214,-0.017391274,0.06546909,-0.77234554,-0.298682,-0.039432645,-0.028527675,0.047485273
-0.09952513,0.09166622,0.019142833,-0.008503657,0.39691168,0.04994276,0.6269621,0.3440103,0.12156602,0.045278538,0.33201927
0.4041412,0.31969187,0.07393658,0.26637182,-0.29328474,0.25174788,0.6673169,0.14600585,-0.005667661,0.012415176,-0.029439708
0.36668745,0.3388002,-0.4748989,0.36322477,-0.13437732,0.17565235,0.61738443,0.31864464,0.02313056,0.03573283,0.09609928
-0.07753553,0.52654296,-0.08777486,0.047487926,-0.16418557,-0.4644863,0.60127115,0.44033468,0.06960302,-0.15600592,0.007354967
-0.8467779,-1.0278119,0.14782159,-0.26746577,-0.19969788,-0.35801893,-3.1107414,-0.22892083,-0.0089008575,-0.029562982,-0.32373416
0.47903398,-0.4375264,0.11245101,-0.16181207,-0.3051573,-0.49011743,-2.176331,-0.305893,-0.108313054,-0.016061237,-0.1443903
-0.108378306,0.42592907,0.25721014,0.25969154,-0.23714654,0.20088337,0.5486813,0.12916136,0.0038600806,0.009600087,0.08380506
-0.81975627,-1.0239626,0.20093663,-0.23198886,-0.14741997,-0.37106535,-3.5255725,-0.31203777,-0.021114994,-0.013448668,0.026414074
-0.0075611426,0.17466049,-0.4283948,0.10259756,-0.121827856,0.21363662,0.65015733,-0.17320545,-0.016182961,-0.020591931,-0.4574151
0.26935282,-0.22346146,0.24329557,0.07468357,0.43764827,-0.13430324,-0.5281842,-0.27644202,-0.017699465,-0.024333976,0.12326043
0.13078555,-0.5049885,-0.31644407,0.1321299,-0.3295989,-0.14644694,-1.1155192,-0.21819861,0.030424045,-0.048425406,-0.017181344
0.5104729,0.15962625,0.099624164,0.13228676,0.61010295,0.24158855,0.6074784,-0.05510086,0.019961942,-0.002620156,-0.25013846
-0.21953431,-0.8121481,-0.102329284,-0.27825555,-0.3537917,-0.5172998,-3.8445034,-0.44774812,-0.061878067,-0.033351365,-0.10996752
-0.3662429,0.070116624,-0.59721774,-0.2309441,-0.3815982,-0.01632213,0.5201037,0.008373191,-0.03651545,0.011662798,-0.08059833
-0.15084441,-0.110008255,0.26030922,0.6147592,-0.11328757,-0.33276734,-1.0921661,0.43560895,-0.016416956,0.00087048206,0.24363062
-0.41197243,0.24208196,0.016958818,-0.051393487,0.3087634,0.21184725,0.5239275,0.41297287,0.043581683,0.09745243,0.205438
0.3712182,0.30611002,0.22073056,0.23317984,0.043108813,0.011376687,0.57849085,0.40494356,0.15160741,0.038775213,-0.03585174
-0.099949814,0.50619614,-0.004618841,0.30726996,-0.20793946,-0.13251077,0.7451684,0.352075,0.022234803,0.057459414,-0.22314768
-0.26547655,0.39991468,0.31357983,0.28314492,0.27196047,-0.0072594904,0.5260498,0.34081638,0.071186155,0.040829893,-0.24580851
0.30194184,0.29429927,0.2266588,0.009203911,0.48367226,0.14090976,0.53471714,0.05565396,0.00073886145,0.014770893,-0.27838194
-0.65090585,-0.66034585,0.21142106,-0.015139288,-0.2834609,-0.18056363,-3.05741,-0.3788158,-0.05185017,-0.017305274,0.08262127
-1.2134169,-0.47090718,-0.20363013,-0.1725084,-0.20209306,-0.034221824,-1.3339132,-0.44211328,-0.024781788,-0.01923153,-0.109238334
0.110232174,0.19839887,-0.010344349,0.032105427,-0.06442906,0.31920987,0.23047104,-0.050269842,0.03217882,0.0014920832,0.030318541
0.17634611,0.20078693,0.007918297,0.08090312,0.10771796,0.34804904,0.5747402,0.0064525614,0.017428325,-0.000789855,-0.19205034
0.37952,0.60034263,0.13430661,-0.10961696,-0.2078005,0.32991746,0.8464589,0.35906515,0.051524732,0.034104396,0.007555659
-0.17056984,-1.1608101,-0.22115155,-0.22292739,-0.30532008,-0.38399988,-3.844759,-0.50027454,-0.052113116,-0.028813066,-0.08092674
-0.722093,-0.66055334,-0.16979289,-0.29165938,-0.2054677,-0.1924692,-2.5064766,-0.58159566,-0.040618807,-0.036124397,0.39941186
0.38488558,0.29270747,-0.74184304,-0.14262523,-0.04967527,0.023796441,0.63118106,0.18068661,0.044394117,0.012754569,-0.16567762
0.022450263,0.31305462,-0.15389305,0.066819295,0.9126145,0.27037358,0.7071375,0.05578857,0.02909639,0.00068470545,0.22076719
0.092160426,-0.045216147,0.15432675,-0.03334465,-0.045383614,-0.15831034,-0.3836308,0.2309552,0.052693065,0.031810243,-0.014385781
-0.24343042,-0.89060587,-0.10563296,-0.31887302,-0.26679182,-0.3330937,-4.0423994,-0.6577823,-0.020517215,-0.05068597,0.13974707
0.20143694,0.21841528,0.3072494,0.16757743,0.22452183,-0.09873359,0.59462404,0.43647766,-0.013376235,-0.15343587,-0.19410153
-0.23916931,-0.34468818,0.045387547,-0.109691925,-0.22957177,-0.5469255,-1.2345798,-0.28158015,-0.1340348,-0.026079686,-0.03320111
-1.0693096,-1.075015,-0.19156167,-0.24518545,-0.15647146,-0.30410513,-3.1764958,-0.4035712,-0.00093175954,-0.016085442,-0.15439175
-0.540401,-0.96078837,0.038994193,0.048933834,-0.30393118,-0.28356594,-3.8093786,-0.4636193,-0.034431897,-0.02785421,-0.21126364
-0.9820334,-1.0087584,0.17908019,-0.2500251,-0.22600071,-0.31781626,-3.2226574,-0.3016851,-0.015011382,-0.038443755,-0.15930891
0.34575036,0.27304032,0.3540972,0.17207517,0.5719347,-0.10042951,0.41434184,0.21053505,-0.0033700683,0.02299176,-0.17274284
0.46349514,0.14273936,-0.085277,0.04499788,-0.14926602,0.2756955,0.42823952,-0.08652941,0.03983539,0.006253994,-0.0024071494
0.006102545,-1.2469957,-0.21642481,-0.15180057,-0.2750723,-0.34904128,-3.7542017,-0.3355242,-0.063801214,-0.060958035,0.029295113
0.48476037,0.87533444,0.3830897,0.2156446,0.53247875,0.1538466,0.8402767,0.25600216,0.039264042,0.035876915,0.05108879
0.21516141,0.32332078,0.3956749,0.36278245,-0.116389595,-0.1318601,0.6006436,0.21922897,-0.0012169923,-0.010548607,-0.23086616
-0.9611727,0.1784432,0.23379137,-0.058482453,-0.039089136,0.20012449,0.41575876,-0.0825523,0.0021341867,-0.016091485,-0.2767366
0.27888754,-0.9543098,0.043341663,-0.210739,-0.3475811,-0.47059122,-4.1428742,-0.2915009,-0.15712894,-0.020110467,-0.07624564
0.0087300185,-0.9547757,0.1282497,-0.16500753,-0.23965171,-0.45227942,-4.21771,0.1333454,0.034476746,-0.07204324,0.07842811
-0.4287776,0.32042658,0.21715015,0.356093,-0.10279174,0.35298714,0.5774925,-0.02236419,0.03688825,0.025941063,0.06963435
0.44447932,0.52103573,-0.4121544,0.18226081,0.6216427,0.2402446,0.7171553,0.18723325,-0.06832738,0.01461628,0.064706
-0.10559353,0.48379034,0.2689878,0.027555242,-0.25550577,0.23576418,0.68006366,0.30737865,-0.0026158434,0.01468695,0.10635784
0.35726133,0.22990823,0.193086,0.086640164,-0.19034895,0.15818569,0.10678612,-0.0006510302,0.044803973,0.026328446,0.09976652
0.39969158,-0.37126482,0.27085206,-0.14855601,-0.17202234,-0.045564577,-1.1142282,-0.2390581,-0.003965179,0.00829857,0.16324933
0.031507723,0.28802502,-0.21068418,-0.20355728,-0.13348122,0.42358378,0.6712698,-0.14628993,0.070323385,0.0065289224,0.03305629
0.28511748,-0.4787247,0.14341547,-0.24775586,-0.2037105,-0.3804019,-3.3086634,-0.5691775,-0.07654505,-0.043310326,-0.22851591
0.4802623,0.25359386,0.25025907,0.19216476,0.025025483,0.26609096,0.64162076,0.2967394,0.06610547,0.041499652,-0.039728083
-0.21951853,-1.0806099,-0.24644743,-0.23775294,-0.2767705,-0.34570158,-3.8673756,-0.4726151,0.03313828,0.011062913,-0.030646047
-0.055024866,0.6446282,-0.52330446,-0.09653182,-0.18262267,0.057676643,0.5912768,0.144445,-0.010430367,0.04670589,-0.10823253
0.24216789,0.6366106,-0.58973557,0.14400424,-0.07943661,0.28826955,0.80126107,0.2539778,-1.2202272e-05,0.027624877,0.46021107
-0.5527628,-0.96869457,-0.20764755,-0.24459067,-0.28044534,-0.32992885,-3.7536337,-0.44906652,0.040772382,-0.028333385,-0.11927433
-0.24353005,-0.7110976,-0.3735551,-0.2861422,-0.32141572,-0.4723185,-3.9080255,-0.5742608,-0.0603444,-0.044702675,-0.21905704
-0.093573965,0.51009345,0.20706438,-0.07198408,-0.11125079,0.41630098,0.65253216,0.06131487,0.03511543,0.00501802,0.061524175
0.63333195,0.17375861,0.15831116,0.27186012,0.44890502,0.33072606,0.50656575,-0.027333822,0.03624004,0.00088134245,-0.06300947
0.050905775,0.14496675,0.042434398,-0.10176672,-0.14704466,0.17668484,0.15837161,-0.008420727,0.008463489,0.0077192225,0.07070409
0.60474694,0.15808956,0.33920383,0.043419242,0.4304783,0.10894919,0.68020576,0.014532384,0.015805112,0.032170605,0.04772624
-0.7199996,-0.35305685,-0.34839445,-0.09955636,-0.1716219,0.009858617,-0.9435843,-0.2829659,-0.005371518,-0.034339298,0.094553165
0.35818005,0.26070032,-0.041457374,0.33688486,-0.010433657,0.53865165,0.73275393,0.0014488135,0.011327933,0.0034862086,0.032415956
0.34534407,0.3328277,-0.42681557,0.32521322,-0.08487374,0.16639188,0.5416482,0.18367645,-0.03796911,0.032255348,-0.21799847
-0.23651603,0.23411609,0.29813084,-0.05119079,-0.10726334,0.2882043,0.49961078,0.0638162,0.0026965,0.030140122,0.012953255
0.18798426,-0.82031065,-0.32711476,-0.34837648,-0.27783132,-0.48232314,-3.6100543,-0.47108194,0.0042819567,-0.029301055,0.05796656
0.33295304,0.112898335,-0.45151418,0.23166613,-0.059935883,-0.18228099,0.43472904,0.40402365,-0.019687507,-0.010260446,-0.57955986
0.5167449,0.18339057,0.2623086,-0.037998803,1.2539687,0.27330664,0.77732056,-0.09736031,0.056466,0.0037532314,-0.056698788
0.4078303,0.42902866,-0.19036412,0.032756805,-0.09348771,0.46406022,0.5746742,-0.03165698,0.013690383,0.009316661,0.1143039
0.41721523,0.40207234,-0.09557657,0.27533972,-0.05511977,-0.0400577,0.6329005,0.18390933,0.021557327,-0.005264667,-0.19596434
0.5453404,0.1344687,0.08759875,-0.07049122,0.07309265,0.32955003,0.67687535,-0.0639864,0.03226626,0.00034234842,0.02413864
0.61039287,-0.2457606,-0.17340104,0.5635931,-0.1935442,-0.21786976,0.76113826,0.3991851,-0.013559064,-0.006925213,0.24954282
0.7969902,-0.08813864,-0.047927037,-0.0072339475,-0.12082963,-0.036217045,-0.93352675,-0.1725361,-0.007887621,-0.011418169,0.16891485
-0.29602256,-0.20464046,-0.62579155,-0.22180946,-0.09933645,-0.27119657,0.4520879,0.21649468,-0.032744702,-0.07425207,-0.02843348
-0.793496,-1.0169402,-0.38551435,-0.13604856,-0.21689737,-0.26252553,-3.145789,-0.37785363,-0.04920477,-0.049196765,0.5919332
0.5163301,0.1712175,-0.31113714,-0.039102,-0.23998336,0.21417513,0.5709046,-0.0534077,0.022014292,0.02030397,-0.278899
-1.5321933,-0.23178269,0.123645924,0.07811198,-0.19629696,0.08595849,-0.6036013,-0.20327754,-0.03351943,-0.030373087,0.024079338
0.16246271,0.4469971,0.06637635,0.06416192,-0.15357608,0.28405464,0.59977156,0.08188457,-0.0076444354,0.008036384,-0.028518867
-1.0285218,-0.43795246,0.22765055,-0.20244537,-0.15943438,-0.057864074,-1.7593546,-0.37082618,-0.028387122,-0.021411149,-0.37749022
-0.790715,-0.9541235,-0.07291752,0.30518854,-0.25545368,-0.32923058,-3.2828927,-0.26159745,0.0027607933,-0.036288746,0.40567577
-0.38606447,0.8092667,0.25912014,0.016289562,-0.28000915,0.4094714,0.8780706,0.3705369,-0.0064240587,0.019042877,0.09773666
0.3114905,0.23073673,-0.2672677,0.32690674,0.5161146,0.22421655,0.6679014,0.05832801,0.07380361,-0.00072076975,0.29015714
0.6228058,0.17100163,-0.5290591,0.38601366,0.30740198,0.16867962,0.10772578,-0.0043761344,0.008355379,0.0071546915,-0.09331257
0.38609824,0.32010016,0.040874824,0.13855618,0.10784651,0.36373007,0.6784909,0.074263945,0.028657418,0.0127197765,0.055979114
-0.3789584,-0.84894407,0.23543687,-0.29782414,-0.29850775,-0.40366617,-4.0783725,-0.569644,-0.0222985,-0.019179167,-0.21866931
0.4439888,0.014172068,-0.0072974744,0.20829666,0.93616897,-0.18565942,0.65318865,0.46707922,0.1006121,0.13413675,-0.015747234
0.28069273,-0.825969,-0.17321675,-0.3066914,-0.33114606,-0.36035022,-4.007984,-0.68207556,-0.05050849,-0.023126772,0.56249774
-0.8004796,-1.212393,0.084341474,-0.18999538,-0.25176924,-0.20731777,-3.6568823,-0.44329184,0.011197009,-0.0639412,0.06343759
-1.1800328,0.21477331,0.31030822,-0.062010463,-0.13106011,-0.08093608,0.25214753,-0.0146676665,-0.0029830677,0.0625832,0.017169967
0.74962735,0.09068481,0.110383995,0.013541154,0.5185373,0.10213124,0.5786905,-0.122733824,0.004244133,-0.008909115,0.15274405
0.55580634,0.15263124,0.23288643,0.015028022,-0.13512239,0.2989391,0.6043399,-0.12018767,0.039378595,0.01058736,-0.044222713
0.4410475,0.3102625,-0.13272066,0.30549207,-0.21750577,0.3355548,0.5366572,0.26690435,0.06854714,0.050357386,0.09531151
-0.29334784,-0.13606177,0.104019515,-0.12810002,-0.22396237,-0.22072822,-1.234682,-0.23830046,-0.14032383,-0.01497669,-0.24784403
0.32308123,0.15214874,0.03887161,-0.09133096,0.5540075,-0.14802952,0.3062123,0.30875766,-0.045880366,-0.29503024,-0.11653756
-1.0575426,-0.883583,-0.39532024,-0.14480592,0.13592774,-0.37670943,-1.8389462,-0.12877613,-0.070200354,-0.14989856,-0.049209714
0.0075976816,-0.66629183,-0.1627271,-0.023946086,-0.2703971,-0.25508907,-1.1770061,-0.3216444,-0.050024282,-0.042021453,0.049835224
-0.12623592,-0.896161,-0.027876666,-0.32495216,-0.31979147,-0.33748218,-4.2130356,-0.5675562,-0.032910768,-0.030224467,-0.029077843
0.5828769,0.13933848,-0.50643736,0.019142741,0.007868238,-0.1618239,0.44500154,0.12435266,0.023068868,-0.043633994,-0.23541981
-0.25837028,-1.1045041,-0.2764779,-0.24885647,-0.23384367,-0.37575883,-3.7578554,-0.45718747,-0.05174818,-0.04460688,0.087087214
-0.42188036,-1.0022347,-0.052329008,-0.23882043,-0.21845141,-0.4548161,-3.4668841,0.11920953,-0.102289714,-0.06527961,-0.014226762
0.18744718,-0.17121136,0.0686167,-0.05540715,0.087192796,0.10250406,-1.122086,0.7181817,0.16210559,0.3026535,0.22354713
-0.6546104,-0.70978916,0.112102285,-0.25504372,-0.15225825,-0.18849924,-3.4938457,-0.4717569,-0.036134653,-0.016468199,-0.098362036
-1.673962,0.09756974,0.4351348,-0.015614335,-0.21462613,0.12793732,0.26185676,-0.072124325,0.014855281,0.060332183,-0.32695782
-0.64389545,-0.00028154987,0.034094054,0.051428422,0.62665,0.14318936,0.5989995,-0.24077697,-0.026655005,-0.0045933924,0.03230205
0.54443324,0.35131633,0.029830882,0.17846909,-0.032466404,0.3099734,0.28944203,0.038964912,0.03480247,0.0072258664,-0.24280754
0.24856079,0.40510398,0.4143858,0.053952936,0.55054957,0.10937498,0.7064813,0.3349759,0.024803104,-0.0035218555,-0.08703472
0.5583964,0.85681695,0.26989153,0.013103328,0.3158976,0.20112044,0.83398634,0.16067651,0.026630051,0.0182816,-0.117001355
0.7059384,0.17872077,-0.014264081,0.45708227,1.0582981,0.30596802,0.67683125,-0.1123115,0.009663508,-0.0015314026,-0.018707907
-0.4191853,0.43566126,-0.1219206,-0.018105315,-0.21058522,0.13623942,0.57916784,0.3014119,0.024729464,0.021846883,-0.2638719
0.0852414,0.14885716,-0.33009487,0.34016317,0.11770966,0.117442936,0.67036617,0.32549658,0.0666282,0.033673756,-0.57486826
-0.02123091,-0.89134616,-0.28016248,-0.3377378,-0.3029519,-0.37076473,-3.9261537,-0.5861266,-0.09562261,-0.04369687,-0.21367656
0.026998166,-0.83788264,0.15316415,-0.12792827,-0.28999528,-0.26057106,-3.9007685,-0.5544607,-0.056680094,-0.044405807,-0.025793776
0.592504,0.14437932,0.08900273,0.22839236,0.72327644,0.23824784,0.65071076,0.019867968,0.023377184,0.0023732148,0.13928019
-0.11120201,0.58557105,0.19117023,0.024618397,0.40624613,0.28440216,0.91878545,0.21156165,-0.020189697,0.01358654,0.15352155
0.5883393,0.396763,-0.4295086,0.2649935,0.058916267,0.11037163,0.7243156,0.28170225,0.040967952,0.035441637,-0.21274139
0.0058498606,0.6337768,0.4138233,0.23256545,0.6108422,-0.19287916,0.88860154,0.325049,0.05124673,-4.925445e-05,0.09684636
-0.2030756,-0.20293036,-0.23255545,-0.22176579,-0.30273834,-0.20300384,-0.5616735,0.2167626,0.07475683,-0.20926708,-0.57310224
0.18044169,0.25873864,-0.27812186,0.34766725,-0.27719468,-0.18343495,0.63463634,0.34647915,0.06536792,-0.018925147,0.05807954
0.21778691,-0.87980795,-0.15456071,-0.36072534,-0.24752405,-0.27021763,-3.9856436,-0.6857455,-0.047753356,-0.02637031,-0.046408005
-0.23688523,0.66974133,0.14684948,0.035844263,-0.16165127,0.650546,0.858424,0.06287771,0.032471154,0.017194452,0.10603325
0.41889805,0.34037104,0.19858097,0.13436809,0.8900367,0.35864806,1.0201554,0.025240265,0.006874977,-0.007234358,0.1819001
-1.090547,-1.0529513,-0.41391358,-0.2515411,-0.11089025,-0.29494438,-3.1993344,-0.4385823,-0.030758888,-0.025482096,-0.0021078053
0.40037316,-0.843803,0.17167616,-0.11366072,0.06616776,-0.36513692,-1.7380196,0.42457142,-0.04832939,-0.0019882065,0.10687795
-1.2203863,-0.06578036,-0.14659521,-0.029345375,-0.22409932,-0.28188366,-0.35441142,-0.1418001,-0.033018474,0.03420034,-0.8296034
0.53545624,0.8891664,-0.14025071,-0.031874627,0.12859114,0.30399877,0.9183893,0.34872654,0.10867735,0.043695632,-0.2539685
-0.8844555,-0.43651596,-0.22240576,-0.054915182,-0.14465779,0.034560755,-1.4136829,-0.5060919,-0.02886275,-0.027283624,-0.056302976
-0.26631823,0.5895548,0.16207595,-0.018817632,-0.13313337,0.29359627,0.7215258,0.33768693,0.009143939,0.030288959,-0.07769677
0.38030756,0.47322112,-0.18875179,-0.029342351,0.4240387,0.14456822,0.69779897,-0.104142085,0.016890394,0.007429324,-0.106027335
0.24607661,-0.44715193,-0.3473118,-0.14775977,-0.31029677,-0.41086456,-1.3291643,-0.2714252,-0.11466768,-0.022967787,-0.19842379
-0.21635139,0.23557277,0.36002478,-0.09328491,0.9805151,-0.12477161,0.4207543,0.4276567,-0.04848236,0.008194304,-0.018786084
-0.52764213,0.14303887,-0.20645897,0.22155704,0.49318174,0.26812726,0.59366494,-0.0791812,0.04413469,0.008185756,-0.02794319
0.25628155,0.42765942,0.13853306,0.077370666,-0.12930761,0.3022739,0.62958056,0.38545436,0.056834213,0.038953826,0.41255793
0.5278986,0.4159869,0.053875778,0.1856712,0.007871619,0.26789272,0.58728814,0.03172695,-0.0153044835,-0.00919497,0.10178695
0.09794595,0.7764539,0.2196685,0.06238517,-0.050255667,0.3782215,0.92952764,0.32544985,0.02519159,0.03636554,0.0018348442
0.16649632,-0.9723322,-0.23341313,-0.3593308,-0.31298754,-0.42211637,-4.0894113,-0.69935715,-0.02530979,-0.03937925,-0.0728182
-0.54356414,0.030851185,0.21812055,-0.01662537,0.74755186,0.29959437,0.5214781,0.4390612,0.05822369,0.061559193,0.08218974
-0.022569505,0.2900346,-0.11569795,0.06794379,0.91411,0.376348,0.6497246,-0.021637797,0.03325456,-0.0006817024,0.048064534
0.64583373,0.25258183,-0.22614652,-0.035556212,-0.16219111,0.25918528,0.51439744,0.04005173,0.008656403,0.02165944,-0.022397967
0.53192693,0.16046262,0.015099476,0.22601286,-0.19349071,-0.09857783,0.54718244,0.28241947,0.07557842,0.056599263,0.014841116
-1.0956805,-0.42234963,0.195018,-0.117910415,-0.12390521,-0.28524747,-1.2896721,-0.45989197,-0.119602226,-0.017831877,-0.14607313
0.2782893,0.34667,0.32902107,0.2024156,0.5994732,-0.030319946,0.5948565,0.25624666,0.029236358,0.03298951,-0.108538784
-0.24305095,-0.8033221,0.16626544,-0.2722792,-0.3376951,-0.26805833,-3.8790824,-0.64069986,-0.06318765,-0.017074293,-0.10995631
-0.29264495,-0.131076,-0.12074533,0.12194388,0.43017182,-0.112569526,0.614571,0.40871793,0.025469279,-0.13674596,0.13483435
0.3654447,-0.07061262,0.24833542,0.033558466,-0.12242438,-0.150397,-0.75060517,-0.018979762,-0.03149157,-0.013737154,-0.04110293
-0.89584136,-1.0165613,-0.10978084,-0.34523556,-0.2282468,-0.31180516,-3.1426895,-0.32441753,-0.029903276,-0.047083084,0.0969237
